Year,CPUE,Species,Estuary,Estuary_Type,45_degree_winds,135_degree_winds,Drought_declared_1m,Drought_declared_6m,Drought_Months,Modal_Age,Spawning_Period
1997,5.597157168,Bream,Camden River,Barrier River,6994.431142,26671.78641,Drought,No Drought,2,7,Oct-Feb
1998,6.25404711,Bream,Camden River,Barrier River,26191.71032,13982.8763,No Drought,No Drought,0,7,Oct-Feb
1999,4.68974359,Bream,Camden River,Barrier River,-2895.952436,-9433.266069,No Drought,No Drought,0,7,Oct-Feb
2000,3.711016394,Bream,Camden River,Barrier River,1038.556118,16376.23091,No Drought,No Drought,0,7,Oct-Feb
2001,8.869224316,Bream,Camden River,Barrier River,9851.253609,20147.15711,No Drought,No Drought,0,7,Oct-Feb
2002,12.2446134,Bream,Camden River,Barrier River,-6070.516682,20430.93821,Drought,Drought,8,7,Oct-Feb
2003,9.574212755,Bream,Camden River,Barrier River,22365.00603,26820.52703,Drought,No Drought,3,7,Oct-Feb
2004,18.23563683,Bream,Camden River,Barrier River,1954.125245,11537.6926,Drought,No Drought,4,7,Oct-Feb
2005,23.4765118,Bream,Camden River,Barrier River,-8657.916321,-1856.043014,Drought,No Drought,4,7,Oct-Feb
2006,26.56351562,Bream,Camden River,Barrier River,15180.89584,23652.22453,Drought,No Drought,9,7,Oct-Feb
1997,47.25135191,Flathead,Camden River,Barrier River,17274.56542,19209.27384,Drought,No Drought,2,3,Dec-Mar
1998,85.69940314,Flathead,Camden River,Barrier River,-1808.375714,31141.31891,No Drought,No Drought,0,3,Dec-Mar
1999,62.95076694,Flathead,Camden River,Barrier River,20465.72848,25060.46819,No Drought,No Drought,0,3,Dec-Mar
2000,58.71175306,Flathead,Camden River,Barrier River,15965.12465,26889.17702,No Drought,No Drought,0,3,Dec-Mar
2001,59.16029123,Flathead,Camden River,Barrier River,-2850.97731,22407.20568,No Drought,No Drought,0,3,Dec-Mar
2002,67.89609187,Flathead,Camden River,Barrier River,20067.87692,27245.90932,Drought,Drought,8,3,Dec-Mar
2003,55.49858463,Flathead,Camden River,Barrier River,12671.40691,7379.564859,Drought,No Drought,3,3,Dec-Mar
2004,52.73840227,Flathead,Camden River,Barrier River,4816.294658,7560.227505,Drought,No Drought,4,3,Dec-Mar
2005,52.84915453,Flathead,Camden River,Barrier River,21414.12938,-639.7303836,Drought,No Drought,4,3,Dec-Mar
2006,47.77321092,Flathead,Camden River,Barrier River,14191.51311,29025.61005,Drought,No Drought,9,3,Dec-Mar
1997,88.85401596,Luderick,Camden River,Barrier River,3664.300953,9208.086384,Drought,No Drought,2,4,Dec-Feb
1998,151.5477548,Luderick,Camden River,Barrier River,16155.54485,22376.27699,No Drought,No Drought,0,4,Dec-Feb
1999,106.7530811,Luderick,Camden River,Barrier River,-1362.118862,23679.75872,No Drought,No Drought,0,4,Dec-Feb
2000,103.4438131,Luderick,Camden River,Barrier River,16239.06283,21225.86467,No Drought,No Drought,0,4,Dec-Feb
2001,158.2850122,Luderick,Camden River,Barrier River,4820.403249,14697.97684,No Drought,No Drought,0,4,Dec-Feb
2002,124.6567836,Luderick,Camden River,Barrier River,-289.9587005,14856.04909,Drought,Drought,8,4,Dec-Feb
2003,102.2868599,Luderick,Camden River,Barrier River,14306.18299,20864.41665,Drought,No Drought,3,4,Dec-Feb
2004,71.71628485,Luderick,Camden River,Barrier River,10421.34162,7617.155103,Drought,No Drought,4,4,Dec-Feb
2005,60.7684407,Luderick,Camden River,Barrier River,5025.393431,7180.867814,Drought,No Drought,4,4,Dec-Feb
2006,61.68609928,Luderick,Camden River,Barrier River,17268.57628,-3036.777652,Drought,No Drought,9,4,Dec-Feb
1997,10.6851209,Whiting,Camden River,Barrier River,3138.514353,7869.232651,Drought,No Drought,2,5,Dec-Feb
1998,14.63876216,Whiting,Camden River,Barrier River,3664.300953,9208.086384,No Drought,No Drought,0,5,Dec-Feb
1999,12.03970416,Whiting,Camden River,Barrier River,16155.54485,22376.27699,No Drought,No Drought,0,5,Dec-Feb
2000,11.95319777,Whiting,Camden River,Barrier River,-1362.118862,23679.75872,No Drought,No Drought,0,5,Dec-Feb
2001,17.46809588,Whiting,Camden River,Barrier River,16239.06283,21225.86467,No Drought,No Drought,0,5,Dec-Feb
2002,20.61490831,Whiting,Camden River,Barrier River,4820.403249,14697.97684,Drought,Drought,8,5,Dec-Feb
2003,19.78833347,Whiting,Camden River,Barrier River,-289.9587005,14856.04909,Drought,No Drought,3,5,Dec-Feb
2004,19.07381474,Whiting,Camden River,Barrier River,14306.18299,20864.41665,Drought,No Drought,4,5,Dec-Feb
2005,14.04145523,Whiting,Camden River,Barrier River,10421.34162,7617.155103,Drought,No Drought,4,5,Dec-Feb
2006,23.8425051,Whiting,Camden River,Barrier River,5025.393431,7180.867814,Drought,No Drought,9,5,Dec-Feb
1997,388.7941404,Mullet,Camden River,Barrier River,-12327.14552,-9515.722267,Drought,No Drought,2,2,Apr-Jul
1998,481.9822236,Mullet,Camden River,Barrier River,-10784.86312,-25571.11814,No Drought,No Drought,0,2,Apr-Jul
1999,540.634036,Mullet,Camden River,Barrier River,-12639.64972,-4251.804756,No Drought,No Drought,0,2,Apr-Jul
2000,437.3503749,Mullet,Camden River,Barrier River,-7853.243904,-3863.198597,No Drought,No Drought,0,2,Apr-Jul
2001,477.4740783,Mullet,Camden River,Barrier River,-9830.918666,794.6655866,No Drought,No Drought,0,2,Apr-Jul
2002,479.0233986,Mullet,Camden River,Barrier River,-4952.155214,15352.37078,Drought,Drought,8,2,Apr-Jul
2003,476.1757521,Mullet,Camden River,Barrier River,-12151.93183,-10737.17121,Drought,No Drought,3,2,Apr-Jul
2004,386.8828894,Mullet,Camden River,Barrier River,-31708.48874,-31166.06573,Drought,No Drought,4,2,Apr-Jul
2005,375.2289928,Mullet,Camden River,Barrier River,-2087.846518,-5208.847786,Drought,No Drought,4,2,Apr-Jul
2006,321.3406301,Mullet,Camden River,Barrier River,-2238.987746,4108.736099,Drought,No Drought,9,2,Apr-Jul
1997,541.1817863,Total,Camden River,Barrier River,-6586.270586,8795.453833,Drought,No Drought,2,4,Fin_Year
1998,740.1221908,Total,Camden River,Barrier River,-19005.01254,-15632.76906,No Drought,No Drought,0,4,Fin_Year
1999,727.0673319,Total,Camden River,Barrier River,-12327.14552,-9515.722267,No Drought,No Drought,0,4,Fin_Year
2000,615.1701552,Total,Camden River,Barrier River,-10784.86312,-25571.11814,No Drought,No Drought,0,4,Fin_Year
2001,721.2567019,Total,Camden River,Barrier River,-12639.64972,-4251.804756,No Drought,No Drought,0,4,Fin_Year
2002,704.4357958,Total,Camden River,Barrier River,-7853.243904,-3863.198597,Drought,Drought,8,4,Fin_Year
2003,663.3237428,Total,Camden River,Barrier River,-9830.918666,794.6655866,Drought,No Drought,3,4,Fin_Year
2004,548.6470281,Total,Camden River,Barrier River,-4952.155214,15352.37078,Drought,No Drought,4,4,Fin_Year
2005,526.3645551,Total,Camden River,Barrier River,-12151.93183,-10737.17121,Drought,No Drought,4,4,Fin_Year
2006,481.205961,Total,Camden River,Barrier River,-31708.48874,-31166.06573,Drought,No Drought,9,4,Fin_Year
1997,2.501276723,Bream,Clarence River,Barrier River,6994.431142,26671.78641,No Drought,No Drought,0,7,Oct-Feb
1998,3.14383288,Bream,Clarence River,Barrier River,26191.71032,13982.8763,No Drought,No Drought,0,7,Oct-Feb
1999,2.743074855,Bream,Clarence River,Barrier River,-2895.952436,-9433.266069,No Drought,No Drought,0,7,Oct-Feb
2000,2.602287779,Bream,Clarence River,Barrier River,1038.556118,16376.23091,Drought,No Drought,1,7,Oct-Feb
2001,3.575420394,Bream,Clarence River,Barrier River,9851.253609,20147.15711,No Drought,No Drought,0,7,Oct-Feb
2002,5.170993232,Bream,Clarence River,Barrier River,-6070.516682,20430.93821,Drought,Drought,11,7,Oct-Feb
2003,4.729132577,Bream,Clarence River,Barrier River,22365.00603,26820.52703,Drought,Drought,8,7,Oct-Feb
2004,3.925346181,Bream,Clarence River,Barrier River,1954.125245,11537.6926,Drought,Drought,12,7,Oct-Feb
2005,6.470302425,Bream,Clarence River,Barrier River,-8657.916321,-1856.043014,Drought,No Drought,5,7,Oct-Feb
2006,5.164218562,Bream,Clarence River,Barrier River,15180.89584,23652.22453,No Drought,No Drought,0,7,Oct-Feb
1997,1.963136824,Flathead,Clarence River,Barrier River,17274.56542,19209.27384,No Drought,No Drought,0,3,Dec-Mar
1998,2.827054048,Flathead,Clarence River,Barrier River,-1808.375714,31141.31891,No Drought,No Drought,0,3,Dec-Mar
1999,2.454066644,Flathead,Clarence River,Barrier River,20465.72848,25060.46819,No Drought,No Drought,0,3,Dec-Mar
2000,2.094022113,Flathead,Clarence River,Barrier River,15965.12465,26889.17702,Drought,No Drought,1,3,Dec-Mar
2001,1.493305405,Flathead,Clarence River,Barrier River,-2850.97731,22407.20568,No Drought,No Drought,0,3,Dec-Mar
2002,1.482035351,Flathead,Clarence River,Barrier River,20067.87692,27245.90932,Drought,Drought,11,3,Dec-Mar
2003,1.844136545,Flathead,Clarence River,Barrier River,12671.40691,7379.564859,Drought,Drought,8,3,Dec-Mar
2004,1.173401859,Flathead,Clarence River,Barrier River,4816.294658,7560.227505,Drought,Drought,12,3,Dec-Mar
2005,1.864036054,Flathead,Clarence River,Barrier River,21414.12938,-639.7303836,Drought,No Drought,5,3,Dec-Mar
2006,2.19369445,Flathead,Clarence River,Barrier River,14191.51311,29025.61005,No Drought,No Drought,0,3,Dec-Mar
1997,3.215763259,Luderick,Clarence River,Barrier River,3664.300953,9208.086384,No Drought,No Drought,0,4,Dec-Feb
1998,2.824734243,Luderick,Clarence River,Barrier River,16155.54485,22376.27699,No Drought,No Drought,0,4,Dec-Feb
1999,4.837611782,Luderick,Clarence River,Barrier River,-1362.118862,23679.75872,No Drought,No Drought,0,4,Dec-Feb
2000,3.66421527,Luderick,Clarence River,Barrier River,16239.06283,21225.86467,Drought,No Drought,1,4,Dec-Feb
2001,3.457611958,Luderick,Clarence River,Barrier River,4820.403249,14697.97684,No Drought,No Drought,0,4,Dec-Feb
2002,1.809932787,Luderick,Clarence River,Barrier River,-289.9587005,14856.04909,Drought,Drought,11,4,Dec-Feb
2003,1.859787437,Luderick,Clarence River,Barrier River,14306.18299,20864.41665,Drought,Drought,8,4,Dec-Feb
2004,1.563796971,Luderick,Clarence River,Barrier River,10421.34162,7617.155103,Drought,Drought,12,4,Dec-Feb
2005,1.662328801,Luderick,Clarence River,Barrier River,5025.393431,7180.867814,Drought,No Drought,5,4,Dec-Feb
2006,1.581300541,Luderick,Clarence River,Barrier River,17268.57628,-3036.777652,No Drought,No Drought,0,4,Dec-Feb
1997,0.951279277,Whiting,Clarence River,Barrier River,3138.514353,7869.232651,No Drought,No Drought,0,5,Dec-Feb
1998,1.119747529,Whiting,Clarence River,Barrier River,3664.300953,9208.086384,No Drought,No Drought,0,5,Dec-Feb
1999,0.817808526,Whiting,Clarence River,Barrier River,16155.54485,22376.27699,No Drought,No Drought,0,5,Dec-Feb
2000,0.804396756,Whiting,Clarence River,Barrier River,-1362.118862,23679.75872,Drought,No Drought,1,5,Dec-Feb
2001,0.721219091,Whiting,Clarence River,Barrier River,16239.06283,21225.86467,No Drought,No Drought,0,5,Dec-Feb
2002,1.015914521,Whiting,Clarence River,Barrier River,4820.403249,14697.97684,Drought,Drought,11,5,Dec-Feb
2003,0.806113977,Whiting,Clarence River,Barrier River,-289.9587005,14856.04909,Drought,Drought,8,5,Dec-Feb
2004,1.198933257,Whiting,Clarence River,Barrier River,14306.18299,20864.41665,Drought,Drought,12,5,Dec-Feb
2005,1.177006577,Whiting,Clarence River,Barrier River,10421.34162,7617.155103,Drought,No Drought,5,5,Dec-Feb
2006,0.814223345,Whiting,Clarence River,Barrier River,5025.393431,7180.867814,No Drought,No Drought,0,5,Dec-Feb
1997,51.92840431,Mullet,Clarence River,Barrier River,-12327.14552,-9515.722267,No Drought,No Drought,0,2,Apr-Jul
1998,54.22647083,Mullet,Clarence River,Barrier River,-10784.86312,-25571.11814,No Drought,No Drought,0,2,Apr-Jul
1999,40.46933863,Mullet,Clarence River,Barrier River,-12639.64972,-4251.804756,No Drought,No Drought,0,2,Apr-Jul
2000,52.77973321,Mullet,Clarence River,Barrier River,-7853.243904,-3863.198597,Drought,No Drought,1,2,Apr-Jul
2001,48.23498945,Mullet,Clarence River,Barrier River,-9830.918666,794.6655866,No Drought,No Drought,0,2,Apr-Jul
2002,30.60144536,Mullet,Clarence River,Barrier River,-4952.155214,15352.37078,Drought,Drought,11,2,Apr-Jul
2003,43.00954009,Mullet,Clarence River,Barrier River,-12151.93183,-10737.17121,Drought,Drought,8,2,Apr-Jul
2004,45.56546809,Mullet,Clarence River,Barrier River,-31708.48874,-31166.06573,Drought,Drought,12,2,Apr-Jul
2005,60.17217787,Mullet,Clarence River,Barrier River,-2087.846518,-5208.847786,Drought,No Drought,5,2,Apr-Jul
2006,46.60746323,Mullet,Clarence River,Barrier River,-2238.987746,4108.736099,No Drought,No Drought,0,2,Apr-Jul
1997,60.5598604,Total,Clarence River,Barrier River,-6586.270586,8795.453833,No Drought,No Drought,0,4,Fin_Year
1998,64.14183953,Total,Clarence River,Barrier River,-19005.01254,-15632.76906,No Drought,No Drought,0,4,Fin_Year
1999,51.32190044,Total,Clarence River,Barrier River,-12327.14552,-9515.722267,No Drought,No Drought,0,4,Fin_Year
2000,61.94465513,Total,Clarence River,Barrier River,-10784.86312,-25571.11814,Drought,No Drought,1,4,Fin_Year
2001,57.4825463,Total,Clarence River,Barrier River,-12639.64972,-4251.804756,No Drought,No Drought,0,4,Fin_Year
2002,40.08032125,Total,Clarence River,Barrier River,-7853.243904,-3863.198597,Drought,Drought,11,4,Fin_Year
2003,52.24871063,Total,Clarence River,Barrier River,-9830.918666,794.6655866,Drought,Drought,8,4,Fin_Year
2004,53.42694636,Total,Clarence River,Barrier River,-4952.155214,15352.37078,Drought,Drought,12,4,Fin_Year
2005,71.34585173,Total,Clarence River,Barrier River,-12151.93183,-10737.17121,Drought,No Drought,5,4,Fin_Year
2006,56.36090012,Total,Clarence River,Barrier River,-31708.48874,-31166.06573,No Drought,No Drought,0,4,Fin_Year
1997,7.556259507,Bream,Hawkesbury River,Drowned River Valley,6994.431142,26671.78641,Drought,No Drought,2,7,Oct-Feb
1998,8.111938236,Bream,Hawkesbury River,Drowned River Valley,26191.71032,13982.8763,No Drought,No Drought,0,7,Oct-Feb
1999,6.880125081,Bream,Hawkesbury River,Drowned River Valley,-2895.952436,-9433.266069,No Drought,No Drought,0,7,Oct-Feb
2000,4.861860996,Bream,Hawkesbury River,Drowned River Valley,1038.556118,16376.23091,No Drought,No Drought,0,7,Oct-Feb
2001,6.133478473,Bream,Hawkesbury River,Drowned River Valley,9851.253609,20147.15711,No Drought,No Drought,0,7,Oct-Feb
2002,4.915643941,Bream,Hawkesbury River,Drowned River Valley,-6070.516682,20430.93821,Drought,Drought,9,7,Oct-Feb
2003,5.928503339,Bream,Hawkesbury River,Drowned River Valley,22365.00603,26820.52703,Drought,No Drought,2,7,Oct-Feb
2004,4.324132841,Bream,Hawkesbury River,Drowned River Valley,1954.125245,11537.6926,Drought,No Drought,4,7,Oct-Feb
2005,4.693900242,Bream,Hawkesbury River,Drowned River Valley,-8657.916321,-1856.043014,Drought,No Drought,3,7,Oct-Feb
2006,11.34886449,Bream,Hawkesbury River,Drowned River Valley,15180.89584,23652.22453,Drought,Drought,9,7,Oct-Feb
1997,0.930196538,Flathead,Hawkesbury River,Drowned River Valley,17274.56542,19209.27384,Drought,No Drought,2,3,Dec-Mar
1998,0.854070158,Flathead,Hawkesbury River,Drowned River Valley,-1808.375714,31141.31891,No Drought,No Drought,0,3,Dec-Mar
1999,0.762154699,Flathead,Hawkesbury River,Drowned River Valley,20465.72848,25060.46819,No Drought,No Drought,0,3,Dec-Mar
2000,0.742759495,Flathead,Hawkesbury River,Drowned River Valley,15965.12465,26889.17702,No Drought,No Drought,0,3,Dec-Mar
2001,1.135395343,Flathead,Hawkesbury River,Drowned River Valley,-2850.97731,22407.20568,No Drought,No Drought,0,3,Dec-Mar
2002,1.644508967,Flathead,Hawkesbury River,Drowned River Valley,20067.87692,27245.90932,Drought,Drought,9,3,Dec-Mar
2003,0.884450934,Flathead,Hawkesbury River,Drowned River Valley,12671.40691,7379.564859,Drought,No Drought,2,3,Dec-Mar
2004,0.907138718,Flathead,Hawkesbury River,Drowned River Valley,4816.294658,7560.227505,Drought,No Drought,4,3,Dec-Mar
2005,1.097278156,Flathead,Hawkesbury River,Drowned River Valley,21414.12938,-639.7303836,Drought,No Drought,3,3,Dec-Mar
2006,0.860232243,Flathead,Hawkesbury River,Drowned River Valley,14191.51311,29025.61005,Drought,Drought,9,3,Dec-Mar
1997,2.97761908,Luderick,Hawkesbury River,Drowned River Valley,3664.300953,9208.086384,Drought,No Drought,2,4,Dec-Feb
1998,2.852319585,Luderick,Hawkesbury River,Drowned River Valley,16155.54485,22376.27699,No Drought,No Drought,0,4,Dec-Feb
1999,2.444762497,Luderick,Hawkesbury River,Drowned River Valley,-1362.118862,23679.75872,No Drought,No Drought,0,4,Dec-Feb
2000,2.290856397,Luderick,Hawkesbury River,Drowned River Valley,16239.06283,21225.86467,No Drought,No Drought,0,4,Dec-Feb
2001,2.101350639,Luderick,Hawkesbury River,Drowned River Valley,4820.403249,14697.97684,No Drought,No Drought,0,4,Dec-Feb
2002,2.816192499,Luderick,Hawkesbury River,Drowned River Valley,-289.9587005,14856.04909,Drought,Drought,9,4,Dec-Feb
2003,5.370903365,Luderick,Hawkesbury River,Drowned River Valley,14306.18299,20864.41665,Drought,No Drought,2,4,Dec-Feb
2004,2.451064543,Luderick,Hawkesbury River,Drowned River Valley,10421.34162,7617.155103,Drought,No Drought,4,4,Dec-Feb
2005,3.942818062,Luderick,Hawkesbury River,Drowned River Valley,5025.393431,7180.867814,Drought,No Drought,3,4,Dec-Feb
2006,1.724344647,Luderick,Hawkesbury River,Drowned River Valley,17268.57628,-3036.777652,Drought,Drought,9,4,Dec-Feb
1997,0.502851925,Whiting,Hawkesbury River,Drowned River Valley,3138.514353,7869.232651,Drought,No Drought,2,5,Dec-Feb
1998,0.425567318,Whiting,Hawkesbury River,Drowned River Valley,3664.300953,9208.086384,No Drought,No Drought,0,5,Dec-Feb
1999,0.87170063,Whiting,Hawkesbury River,Drowned River Valley,16155.54485,22376.27699,No Drought,No Drought,0,5,Dec-Feb
2000,0.529857789,Whiting,Hawkesbury River,Drowned River Valley,-1362.118862,23679.75872,No Drought,No Drought,0,5,Dec-Feb
2001,0.973830632,Whiting,Hawkesbury River,Drowned River Valley,16239.06283,21225.86467,No Drought,No Drought,0,5,Dec-Feb
2002,1.954259599,Whiting,Hawkesbury River,Drowned River Valley,4820.403249,14697.97684,Drought,Drought,9,5,Dec-Feb
2003,0.631419941,Whiting,Hawkesbury River,Drowned River Valley,-289.9587005,14856.04909,Drought,No Drought,2,5,Dec-Feb
2004,0.908302165,Whiting,Hawkesbury River,Drowned River Valley,14306.18299,20864.41665,Drought,No Drought,4,5,Dec-Feb
2005,0.831931592,Whiting,Hawkesbury River,Drowned River Valley,10421.34162,7617.155103,Drought,No Drought,3,5,Dec-Feb
2006,0.430084254,Whiting,Hawkesbury River,Drowned River Valley,5025.393431,7180.867814,Drought,Drought,9,5,Dec-Feb
1997,15.23747161,Mullet,Hawkesbury River,Drowned River Valley,-12327.14552,-9515.722267,Drought,No Drought,2,2,Apr-Jul
1998,13.875562,Mullet,Hawkesbury River,Drowned River Valley,-10784.86312,-25571.11814,No Drought,No Drought,0,2,Apr-Jul
1999,18.2180905,Mullet,Hawkesbury River,Drowned River Valley,-12639.64972,-4251.804756,No Drought,No Drought,0,2,Apr-Jul
2000,20.83622402,Mullet,Hawkesbury River,Drowned River Valley,-7853.243904,-3863.198597,No Drought,No Drought,0,2,Apr-Jul
2001,29.11191156,Mullet,Hawkesbury River,Drowned River Valley,-9830.918666,794.6655866,No Drought,No Drought,0,2,Apr-Jul
2002,13.99690136,Mullet,Hawkesbury River,Drowned River Valley,-4952.155214,15352.37078,Drought,Drought,9,2,Apr-Jul
2003,13.33475213,Mullet,Hawkesbury River,Drowned River Valley,-12151.93183,-10737.17121,Drought,No Drought,2,2,Apr-Jul
2004,14.17624191,Mullet,Hawkesbury River,Drowned River Valley,-31708.48874,-31166.06573,Drought,No Drought,4,2,Apr-Jul
2005,19.75347201,Mullet,Hawkesbury River,Drowned River Valley,-2087.846518,-5208.847786,Drought,No Drought,3,2,Apr-Jul
2006,17.32062477,Mullet,Hawkesbury River,Drowned River Valley,-2238.987746,4108.736099,Drought,Drought,9,2,Apr-Jul
1997,27.20439866,Total,Hawkesbury River,Drowned River Valley,-6586.270586,8795.453833,Drought,No Drought,2,4,Fin_Year
1998,26.11945729,Total,Hawkesbury River,Drowned River Valley,-19005.01254,-15632.76906,No Drought,No Drought,0,4,Fin_Year
1999,29.17683341,Total,Hawkesbury River,Drowned River Valley,-12327.14552,-9515.722267,No Drought,No Drought,0,4,Fin_Year
2000,29.2615587,Total,Hawkesbury River,Drowned River Valley,-10784.86312,-25571.11814,No Drought,No Drought,0,4,Fin_Year
2001,39.45596665,Total,Hawkesbury River,Drowned River Valley,-12639.64972,-4251.804756,No Drought,No Drought,0,4,Fin_Year
2002,25.32750637,Total,Hawkesbury River,Drowned River Valley,-7853.243904,-3863.198597,Drought,Drought,9,4,Fin_Year
2003,26.15002971,Total,Hawkesbury River,Drowned River Valley,-9830.918666,794.6655866,Drought,No Drought,2,4,Fin_Year
2004,22.76688018,Total,Hawkesbury River,Drowned River Valley,-4952.155214,15352.37078,Drought,No Drought,4,4,Fin_Year
2005,30.31940006,Total,Hawkesbury River,Drowned River Valley,-12151.93183,-10737.17121,Drought,No Drought,3,4,Fin_Year
2006,31.6841504,Total,Hawkesbury River,Drowned River Valley,-31708.48874,-31166.06573,Drought,Drought,9,4,Fin_Year
1997,30.47277051,Bream,Hunter River,Barrier River,6994.431142,26671.78641,Drought,No Drought,3,7,Oct-Feb
1998,44.43608405,Bream,Hunter River,Barrier River,26191.71032,13982.8763,No Drought,No Drought,0,7,Oct-Feb
1999,22.25087783,Bream,Hunter River,Barrier River,-2895.952436,-9433.266069,No Drought,No Drought,0,7,Oct-Feb
2000,26.4157425,Bream,Hunter River,Barrier River,1038.556118,16376.23091,No Drought,No Drought,0,7,Oct-Feb
2001,21.07978746,Bream,Hunter River,Barrier River,9851.253609,20147.15711,No Drought,No Drought,0,7,Oct-Feb
2002,17.8573822,Bream,Hunter River,Barrier River,-6070.516682,20430.93821,Drought,Drought,8,7,Oct-Feb
2003,23.02008408,Bream,Hunter River,Barrier River,22365.00603,26820.52703,Drought,No Drought,3,7,Oct-Feb
2004,31.63898231,Bream,Hunter River,Barrier River,1954.125245,11537.6926,Drought,No Drought,4,7,Oct-Feb
2005,47.45296417,Bream,Hunter River,Barrier River,-8657.916321,-1856.043014,Drought,No Drought,3,7,Oct-Feb
2006,38.90111231,Bream,Hunter River,Barrier River,15180.89584,23652.22453,Drought,Drought,9,7,Oct-Feb
1997,29.04095657,Flathead,Hunter River,Barrier River,17274.56542,19209.27384,Drought,No Drought,3,3,Dec-Mar
1998,40.44235435,Flathead,Hunter River,Barrier River,-1808.375714,31141.31891,No Drought,No Drought,0,3,Dec-Mar
1999,50.58289442,Flathead,Hunter River,Barrier River,20465.72848,25060.46819,No Drought,No Drought,0,3,Dec-Mar
2000,47.42712566,Flathead,Hunter River,Barrier River,15965.12465,26889.17702,No Drought,No Drought,0,3,Dec-Mar
2001,38.03448022,Flathead,Hunter River,Barrier River,-2850.97731,22407.20568,No Drought,No Drought,0,3,Dec-Mar
2002,15.3601905,Flathead,Hunter River,Barrier River,20067.87692,27245.90932,Drought,Drought,8,3,Dec-Mar
2003,31.26514573,Flathead,Hunter River,Barrier River,12671.40691,7379.564859,Drought,No Drought,3,3,Dec-Mar
2004,28.05278287,Flathead,Hunter River,Barrier River,4816.294658,7560.227505,Drought,No Drought,4,3,Dec-Mar
2005,20.40108826,Flathead,Hunter River,Barrier River,21414.12938,-639.7303836,Drought,No Drought,3,3,Dec-Mar
2006,19.21250601,Flathead,Hunter River,Barrier River,14191.51311,29025.61005,Drought,Drought,9,3,Dec-Mar
1997,15.04963766,Luderick,Hunter River,Barrier River,3664.300953,9208.086384,Drought,No Drought,3,4,Dec-Feb
1998,24.38468858,Luderick,Hunter River,Barrier River,16155.54485,22376.27699,No Drought,No Drought,0,4,Dec-Feb
1999,10.13078403,Luderick,Hunter River,Barrier River,-1362.118862,23679.75872,No Drought,No Drought,0,4,Dec-Feb
2000,15.05021715,Luderick,Hunter River,Barrier River,16239.06283,21225.86467,No Drought,No Drought,0,4,Dec-Feb
2001,13.94550715,Luderick,Hunter River,Barrier River,4820.403249,14697.97684,No Drought,No Drought,0,4,Dec-Feb
2002,16.43346515,Luderick,Hunter River,Barrier River,-289.9587005,14856.04909,Drought,Drought,8,4,Dec-Feb
2003,10.38159294,Luderick,Hunter River,Barrier River,14306.18299,20864.41665,Drought,No Drought,3,4,Dec-Feb
2004,16.41099109,Luderick,Hunter River,Barrier River,10421.34162,7617.155103,Drought,No Drought,4,4,Dec-Feb
2005,24.9720178,Luderick,Hunter River,Barrier River,5025.393431,7180.867814,Drought,No Drought,3,4,Dec-Feb
2006,32.07047559,Luderick,Hunter River,Barrier River,17268.57628,-3036.777652,Drought,Drought,9,4,Dec-Feb
1997,5.539273247,Whiting,Hunter River,Barrier River,3138.514353,7869.232651,Drought,No Drought,3,5,Dec-Feb
1998,14.77894744,Whiting,Hunter River,Barrier River,3664.300953,9208.086384,No Drought,No Drought,0,5,Dec-Feb
1999,16.5710107,Whiting,Hunter River,Barrier River,16155.54485,22376.27699,No Drought,No Drought,0,5,Dec-Feb
2000,20.33488788,Whiting,Hunter River,Barrier River,-1362.118862,23679.75872,No Drought,No Drought,0,5,Dec-Feb
2001,30.95733375,Whiting,Hunter River,Barrier River,16239.06283,21225.86467,No Drought,No Drought,0,5,Dec-Feb
2002,6.725624376,Whiting,Hunter River,Barrier River,4820.403249,14697.97684,Drought,Drought,8,5,Dec-Feb
2003,18.83219096,Whiting,Hunter River,Barrier River,-289.9587005,14856.04909,Drought,No Drought,3,5,Dec-Feb
2004,18.52407639,Whiting,Hunter River,Barrier River,14306.18299,20864.41665,Drought,No Drought,4,5,Dec-Feb
2005,6.596121934,Whiting,Hunter River,Barrier River,10421.34162,7617.155103,Drought,No Drought,3,5,Dec-Feb
2006,39.76242785,Whiting,Hunter River,Barrier River,5025.393431,7180.867814,Drought,Drought,9,5,Dec-Feb
1997,355.4698612,Mullet,Hunter River,Barrier River,-12327.14552,-9515.722267,Drought,No Drought,3,2,Apr-Jul
1998,334.2404087,Mullet,Hunter River,Barrier River,-10784.86312,-25571.11814,No Drought,No Drought,0,2,Apr-Jul
1999,158.4188342,Mullet,Hunter River,Barrier River,-12639.64972,-4251.804756,No Drought,No Drought,0,2,Apr-Jul
2000,358.585645,Mullet,Hunter River,Barrier River,-7853.243904,-3863.198597,No Drought,No Drought,0,2,Apr-Jul
2001,244.8921612,Mullet,Hunter River,Barrier River,-9830.918666,794.6655866,No Drought,No Drought,0,2,Apr-Jul
2002,173.9578061,Mullet,Hunter River,Barrier River,-4952.155214,15352.37078,Drought,Drought,8,2,Apr-Jul
2003,301.067828,Mullet,Hunter River,Barrier River,-12151.93183,-10737.17121,Drought,No Drought,3,2,Apr-Jul
2004,288.3463969,Mullet,Hunter River,Barrier River,-31708.48874,-31166.06573,Drought,No Drought,4,2,Apr-Jul
2005,256.6983646,Mullet,Hunter River,Barrier River,-2087.846518,-5208.847786,Drought,No Drought,3,2,Apr-Jul
2006,240.191838,Mullet,Hunter River,Barrier River,-2238.987746,4108.736099,Drought,Drought,9,2,Apr-Jul
1997,435.5724992,Total,Hunter River,Barrier River,-6586.270586,8795.453833,Drought,No Drought,3,4,Fin_Year
1998,458.2824831,Total,Hunter River,Barrier River,-19005.01254,-15632.76906,No Drought,No Drought,0,4,Fin_Year
1999,257.9544012,Total,Hunter River,Barrier River,-12327.14552,-9515.722267,No Drought,No Drought,0,4,Fin_Year
2000,467.8136182,Total,Hunter River,Barrier River,-10784.86312,-25571.11814,No Drought,No Drought,0,4,Fin_Year
2001,348.9092698,Total,Hunter River,Barrier River,-12639.64972,-4251.804756,No Drought,No Drought,0,4,Fin_Year
2002,230.3344683,Total,Hunter River,Barrier River,-7853.243904,-3863.198597,Drought,Drought,8,4,Fin_Year
2003,384.5668417,Total,Hunter River,Barrier River,-9830.918666,794.6655866,Drought,No Drought,3,4,Fin_Year
2004,382.9732295,Total,Hunter River,Barrier River,-4952.155214,15352.37078,Drought,No Drought,4,4,Fin_Year
2005,356.1205568,Total,Hunter River,Barrier River,-12151.93183,-10737.17121,Drought,No Drought,3,4,Fin_Year
2006,370.1383598,Total,Hunter River,Barrier River,-31708.48874,-31166.06573,Drought,Drought,9,4,Fin_Year
1997,64.0148922,Bream,Lake Illawarra,Barrier Lagoon,6994.431142,26671.78641,Drought,No Drought,6,7,Oct-Feb
1998,57.17810091,Bream,Lake Illawarra,Barrier Lagoon,26191.71032,13982.8763,No Drought,No Drought,0,7,Oct-Feb
1999,32.89926727,Bream,Lake Illawarra,Barrier Lagoon,-2895.952436,-9433.266069,No Drought,No Drought,0,7,Oct-Feb
2000,38.58695061,Bream,Lake Illawarra,Barrier Lagoon,1038.556118,16376.23091,No Drought,No Drought,0,7,Oct-Feb
2001,54.84364781,Bream,Lake Illawarra,Barrier Lagoon,9851.253609,20147.15711,No Drought,No Drought,0,7,Oct-Feb
2002,54.65569257,Bream,Lake Illawarra,Barrier Lagoon,-6070.516682,20430.93821,Drought,Drought,9,7,Oct-Feb
2003,241.4426754,Bream,Lake Illawarra,Barrier Lagoon,22365.00603,26820.52703,Drought,No Drought,3,7,Oct-Feb
2004,422.6516915,Bream,Lake Illawarra,Barrier Lagoon,1954.125245,11537.6926,Drought,Drought,7,7,Oct-Feb
2005,275.6992531,Bream,Lake Illawarra,Barrier Lagoon,-8657.916321,-1856.043014,Drought,No Drought,2,7,Oct-Feb
2006,251.2798535,Bream,Lake Illawarra,Barrier Lagoon,15180.89584,23652.22453,Drought,Drought,8,7,Oct-Feb
1997,48.1401016,Flathead,Lake Illawarra,Barrier Lagoon,17274.56542,19209.27384,Drought,No Drought,6,3,Dec-Mar
1998,42.10663309,Flathead,Lake Illawarra,Barrier Lagoon,-1808.375714,31141.31891,No Drought,No Drought,0,3,Dec-Mar
1999,43.78510595,Flathead,Lake Illawarra,Barrier Lagoon,20465.72848,25060.46819,No Drought,No Drought,0,3,Dec-Mar
2000,32.73741554,Flathead,Lake Illawarra,Barrier Lagoon,15965.12465,26889.17702,No Drought,No Drought,0,3,Dec-Mar
2001,75.92122607,Flathead,Lake Illawarra,Barrier Lagoon,-2850.97731,22407.20568,No Drought,No Drought,0,3,Dec-Mar
2002,46.93651557,Flathead,Lake Illawarra,Barrier Lagoon,20067.87692,27245.90932,Drought,Drought,9,3,Dec-Mar
2003,57.99188795,Flathead,Lake Illawarra,Barrier Lagoon,12671.40691,7379.564859,Drought,No Drought,3,3,Dec-Mar
2004,65.65175848,Flathead,Lake Illawarra,Barrier Lagoon,4816.294658,7560.227505,Drought,Drought,7,3,Dec-Mar
2005,61.95451086,Flathead,Lake Illawarra,Barrier Lagoon,21414.12938,-639.7303836,Drought,No Drought,2,3,Dec-Mar
2006,129.5693661,Flathead,Lake Illawarra,Barrier Lagoon,14191.51311,29025.61005,Drought,Drought,8,3,Dec-Mar
1997,37.28760949,Luderick,Lake Illawarra,Barrier Lagoon,3664.300953,9208.086384,Drought,No Drought,6,4,Dec-Feb
1998,59.01155845,Luderick,Lake Illawarra,Barrier Lagoon,16155.54485,22376.27699,No Drought,No Drought,0,4,Dec-Feb
1999,56.95094195,Luderick,Lake Illawarra,Barrier Lagoon,-1362.118862,23679.75872,No Drought,No Drought,0,4,Dec-Feb
2000,81.99589103,Luderick,Lake Illawarra,Barrier Lagoon,16239.06283,21225.86467,No Drought,No Drought,0,4,Dec-Feb
2001,99.58576576,Luderick,Lake Illawarra,Barrier Lagoon,4820.403249,14697.97684,No Drought,No Drought,0,4,Dec-Feb
2002,121.7031051,Luderick,Lake Illawarra,Barrier Lagoon,-289.9587005,14856.04909,Drought,Drought,9,4,Dec-Feb
2003,53.10867986,Luderick,Lake Illawarra,Barrier Lagoon,14306.18299,20864.41665,Drought,No Drought,3,4,Dec-Feb
2004,63.410088,Luderick,Lake Illawarra,Barrier Lagoon,10421.34162,7617.155103,Drought,Drought,7,4,Dec-Feb
2005,61.7064615,Luderick,Lake Illawarra,Barrier Lagoon,5025.393431,7180.867814,Drought,No Drought,2,4,Dec-Feb
2006,146.094639,Luderick,Lake Illawarra,Barrier Lagoon,17268.57628,-3036.777652,Drought,Drought,8,4,Dec-Feb
1997,0.80520551,Whiting,Lake Illawarra,Barrier Lagoon,3138.514353,7869.232651,Drought,No Drought,6,5,Dec-Feb
1998,1.868105382,Whiting,Lake Illawarra,Barrier Lagoon,3664.300953,9208.086384,No Drought,No Drought,0,5,Dec-Feb
1999,3.343964566,Whiting,Lake Illawarra,Barrier Lagoon,16155.54485,22376.27699,No Drought,No Drought,0,5,Dec-Feb
2000,5.182290221,Whiting,Lake Illawarra,Barrier Lagoon,-1362.118862,23679.75872,No Drought,No Drought,0,5,Dec-Feb
2001,14.10947941,Whiting,Lake Illawarra,Barrier Lagoon,16239.06283,21225.86467,No Drought,No Drought,0,5,Dec-Feb
2002,12.66645877,Whiting,Lake Illawarra,Barrier Lagoon,4820.403249,14697.97684,Drought,Drought,9,5,Dec-Feb
2003,10.80610149,Whiting,Lake Illawarra,Barrier Lagoon,-289.9587005,14856.04909,Drought,No Drought,3,5,Dec-Feb
2004,6.132707223,Whiting,Lake Illawarra,Barrier Lagoon,14306.18299,20864.41665,Drought,Drought,7,5,Dec-Feb
2005,4.507370942,Whiting,Lake Illawarra,Barrier Lagoon,10421.34162,7617.155103,Drought,No Drought,2,5,Dec-Feb
2006,20.53274815,Whiting,Lake Illawarra,Barrier Lagoon,5025.393431,7180.867814,Drought,Drought,8,5,Dec-Feb
1997,244.9317357,Mullet,Lake Illawarra,Barrier Lagoon,-12327.14552,-9515.722267,Drought,No Drought,6,2,Apr-Jul
1998,363.2193719,Mullet,Lake Illawarra,Barrier Lagoon,-10784.86312,-25571.11814,No Drought,No Drought,0,2,Apr-Jul
1999,205.2669712,Mullet,Lake Illawarra,Barrier Lagoon,-12639.64972,-4251.804756,No Drought,No Drought,0,2,Apr-Jul
2000,309.3748301,Mullet,Lake Illawarra,Barrier Lagoon,-7853.243904,-3863.198597,No Drought,No Drought,0,2,Apr-Jul
2001,462.118478,Mullet,Lake Illawarra,Barrier Lagoon,-9830.918666,794.6655866,No Drought,No Drought,0,2,Apr-Jul
2002,1095.010445,Mullet,Lake Illawarra,Barrier Lagoon,-4952.155214,15352.37078,Drought,Drought,9,2,Apr-Jul
2003,404.4710522,Mullet,Lake Illawarra,Barrier Lagoon,-12151.93183,-10737.17121,Drought,No Drought,3,2,Apr-Jul
2004,244.2993933,Mullet,Lake Illawarra,Barrier Lagoon,-31708.48874,-31166.06573,Drought,Drought,7,2,Apr-Jul
2005,217.7539905,Mullet,Lake Illawarra,Barrier Lagoon,-2087.846518,-5208.847786,Drought,No Drought,2,2,Apr-Jul
2006,383.7246159,Mullet,Lake Illawarra,Barrier Lagoon,-2238.987746,4108.736099,Drought,Drought,8,2,Apr-Jul
1997,395.1795445,Total,Lake Illawarra,Barrier Lagoon,-6586.270586,8795.453833,Drought,No Drought,6,4,Fin_Year
1998,523.3837698,Total,Lake Illawarra,Barrier Lagoon,-19005.01254,-15632.76906,No Drought,No Drought,0,4,Fin_Year
1999,342.2462509,Total,Lake Illawarra,Barrier Lagoon,-12327.14552,-9515.722267,No Drought,No Drought,0,4,Fin_Year
2000,467.8773775,Total,Lake Illawarra,Barrier Lagoon,-10784.86312,-25571.11814,No Drought,No Drought,0,4,Fin_Year
2001,706.5785971,Total,Lake Illawarra,Barrier Lagoon,-12639.64972,-4251.804756,No Drought,No Drought,0,4,Fin_Year
2002,1330.972217,Total,Lake Illawarra,Barrier Lagoon,-7853.243904,-3863.198597,Drought,Drought,9,4,Fin_Year
2003,767.8203969,Total,Lake Illawarra,Barrier Lagoon,-9830.918666,794.6655866,Drought,No Drought,3,4,Fin_Year
2004,802.1456386,Total,Lake Illawarra,Barrier Lagoon,-4952.155214,15352.37078,Drought,Drought,7,4,Fin_Year
2005,621.6215869,Total,Lake Illawarra,Barrier Lagoon,-12151.93183,-10737.17121,Drought,No Drought,2,4,Fin_Year
2006,931.2012226,Total,Lake Illawarra,Barrier Lagoon,-31708.48874,-31166.06573,Drought,Drought,8,4,Fin_Year
1997,71.37934635,Bream,Port Stephens,Drowned River Valley,6994.431142,26671.78641,Drought,No Drought,4,7,Oct-Feb
1998,59.36651993,Bream,Port Stephens,Drowned River Valley,26191.71032,13982.8763,No Drought,No Drought,0,7,Oct-Feb
1999,96.13011844,Bream,Port Stephens,Drowned River Valley,-2895.952436,-9433.266069,No Drought,No Drought,0,7,Oct-Feb
2000,82.44554154,Bream,Port Stephens,Drowned River Valley,1038.556118,16376.23091,No Drought,No Drought,0,7,Oct-Feb
2001,87.13727422,Bream,Port Stephens,Drowned River Valley,9851.253609,20147.15711,No Drought,No Drought,0,7,Oct-Feb
2002,125.3549358,Bream,Port Stephens,Drowned River Valley,-6070.516682,20430.93821,Drought,Drought,8,7,Oct-Feb
2003,116.8016352,Bream,Port Stephens,Drowned River Valley,22365.00603,26820.52703,Drought,No Drought,3,7,Oct-Feb
2004,81.7032143,Bream,Port Stephens,Drowned River Valley,1954.125245,11537.6926,Drought,No Drought,4,7,Oct-Feb
2005,142.3733606,Bream,Port Stephens,Drowned River Valley,-8657.916321,-1856.043014,Drought,No Drought,6,7,Oct-Feb
2006,208.2427207,Bream,Port Stephens,Drowned River Valley,15180.89584,23652.22453,Drought,Drought,9,7,Oct-Feb
1997,36.01819623,Flathead,Port Stephens,Drowned River Valley,17274.56542,19209.27384,Drought,No Drought,4,3,Dec-Mar
1998,41.46749227,Flathead,Port Stephens,Drowned River Valley,-1808.375714,31141.31891,No Drought,No Drought,0,3,Dec-Mar
1999,55.33786139,Flathead,Port Stephens,Drowned River Valley,20465.72848,25060.46819,No Drought,No Drought,0,3,Dec-Mar
2000,50.91521312,Flathead,Port Stephens,Drowned River Valley,15965.12465,26889.17702,No Drought,No Drought,0,3,Dec-Mar
2001,30.35693142,Flathead,Port Stephens,Drowned River Valley,-2850.97731,22407.20568,No Drought,No Drought,0,3,Dec-Mar
2002,39.65721739,Flathead,Port Stephens,Drowned River Valley,20067.87692,27245.90932,Drought,Drought,8,3,Dec-Mar
2003,53.28953853,Flathead,Port Stephens,Drowned River Valley,12671.40691,7379.564859,Drought,No Drought,3,3,Dec-Mar
2004,47.87033684,Flathead,Port Stephens,Drowned River Valley,4816.294658,7560.227505,Drought,No Drought,4,3,Dec-Mar
2005,49.76737263,Flathead,Port Stephens,Drowned River Valley,21414.12938,-639.7303836,Drought,No Drought,6,3,Dec-Mar
2006,38.23320013,Flathead,Port Stephens,Drowned River Valley,14191.51311,29025.61005,Drought,Drought,9,3,Dec-Mar
1997,130.3276744,Luderick,Port Stephens,Drowned River Valley,3664.300953,9208.086384,Drought,No Drought,4,4,Dec-Feb
1998,154.0631541,Luderick,Port Stephens,Drowned River Valley,16155.54485,22376.27699,No Drought,No Drought,0,4,Dec-Feb
1999,153.7787381,Luderick,Port Stephens,Drowned River Valley,-1362.118862,23679.75872,No Drought,No Drought,0,4,Dec-Feb
2000,171.7779122,Luderick,Port Stephens,Drowned River Valley,16239.06283,21225.86467,No Drought,No Drought,0,4,Dec-Feb
2001,239.1936078,Luderick,Port Stephens,Drowned River Valley,4820.403249,14697.97684,No Drought,No Drought,0,4,Dec-Feb
2002,182.1742319,Luderick,Port Stephens,Drowned River Valley,-289.9587005,14856.04909,Drought,Drought,8,4,Dec-Feb
2003,162.0437437,Luderick,Port Stephens,Drowned River Valley,14306.18299,20864.41665,Drought,No Drought,3,4,Dec-Feb
2004,130.5637984,Luderick,Port Stephens,Drowned River Valley,10421.34162,7617.155103,Drought,No Drought,4,4,Dec-Feb
2005,171.8912502,Luderick,Port Stephens,Drowned River Valley,5025.393431,7180.867814,Drought,No Drought,6,4,Dec-Feb
2006,194.0135314,Luderick,Port Stephens,Drowned River Valley,17268.57628,-3036.777652,Drought,Drought,9,4,Dec-Feb
1997,7.814995349,Whiting,Port Stephens,Drowned River Valley,3138.514353,7869.232651,Drought,No Drought,4,5,Dec-Feb
1998,7.650112385,Whiting,Port Stephens,Drowned River Valley,3664.300953,9208.086384,No Drought,No Drought,0,5,Dec-Feb
1999,6.222075668,Whiting,Port Stephens,Drowned River Valley,16155.54485,22376.27699,No Drought,No Drought,0,5,Dec-Feb
2000,4.459940031,Whiting,Port Stephens,Drowned River Valley,-1362.118862,23679.75872,No Drought,No Drought,0,5,Dec-Feb
2001,4.441916717,Whiting,Port Stephens,Drowned River Valley,16239.06283,21225.86467,No Drought,No Drought,0,5,Dec-Feb
2002,7.427600589,Whiting,Port Stephens,Drowned River Valley,4820.403249,14697.97684,Drought,Drought,8,5,Dec-Feb
2003,6.965112373,Whiting,Port Stephens,Drowned River Valley,-289.9587005,14856.04909,Drought,No Drought,3,5,Dec-Feb
2004,9.269628963,Whiting,Port Stephens,Drowned River Valley,14306.18299,20864.41665,Drought,No Drought,4,5,Dec-Feb
2005,12.52503749,Whiting,Port Stephens,Drowned River Valley,10421.34162,7617.155103,Drought,No Drought,6,5,Dec-Feb
2006,13.34374118,Whiting,Port Stephens,Drowned River Valley,5025.393431,7180.867814,Drought,Drought,9,5,Dec-Feb
1997,309.4513861,Mullet,Port Stephens,Drowned River Valley,-12327.14552,-9515.722267,Drought,No Drought,4,2,Apr-Jul
1998,325.6224149,Mullet,Port Stephens,Drowned River Valley,-10784.86312,-25571.11814,No Drought,No Drought,0,2,Apr-Jul
1999,304.1092593,Mullet,Port Stephens,Drowned River Valley,-12639.64972,-4251.804756,No Drought,No Drought,0,2,Apr-Jul
2000,540.2271465,Mullet,Port Stephens,Drowned River Valley,-7853.243904,-3863.198597,No Drought,No Drought,0,2,Apr-Jul
2001,576.6094688,Mullet,Port Stephens,Drowned River Valley,-9830.918666,794.6655866,No Drought,No Drought,0,2,Apr-Jul
2002,479.3546084,Mullet,Port Stephens,Drowned River Valley,-4952.155214,15352.37078,Drought,Drought,8,2,Apr-Jul
2003,440.6021748,Mullet,Port Stephens,Drowned River Valley,-12151.93183,-10737.17121,Drought,No Drought,3,2,Apr-Jul
2004,512.740111,Mullet,Port Stephens,Drowned River Valley,-31708.48874,-31166.06573,Drought,No Drought,4,2,Apr-Jul
2005,374.7289223,Mullet,Port Stephens,Drowned River Valley,-2087.846518,-5208.847786,Drought,No Drought,6,2,Apr-Jul
2006,368.4651618,Mullet,Port Stephens,Drowned River Valley,-2238.987746,4108.736099,Drought,Drought,9,2,Apr-Jul
1997,554.9915984,Total,Port Stephens,Drowned River Valley,-6586.270586,8795.453833,Drought,No Drought,4,4,Fin_Year
1998,588.1696936,Total,Port Stephens,Drowned River Valley,-19005.01254,-15632.76906,No Drought,No Drought,0,4,Fin_Year
1999,615.5780529,Total,Port Stephens,Drowned River Valley,-12327.14552,-9515.722267,No Drought,No Drought,0,4,Fin_Year
2000,849.8257534,Total,Port Stephens,Drowned River Valley,-10784.86312,-25571.11814,No Drought,No Drought,0,4,Fin_Year
2001,937.739199,Total,Port Stephens,Drowned River Valley,-12639.64972,-4251.804756,No Drought,No Drought,0,4,Fin_Year
2002,833.9685941,Total,Port Stephens,Drowned River Valley,-7853.243904,-3863.198597,Drought,Drought,8,4,Fin_Year
2003,779.7022046,Total,Port Stephens,Drowned River Valley,-9830.918666,794.6655866,Drought,No Drought,3,4,Fin_Year
2004,782.1470894,Total,Port Stephens,Drowned River Valley,-4952.155214,15352.37078,Drought,No Drought,4,4,Fin_Year
2005,751.2859431,Total,Port Stephens,Drowned River Valley,-12151.93183,-10737.17121,Drought,No Drought,6,4,Fin_Year
2006,822.2983552,Total,Port Stephens,Drowned River Valley,-31708.48874,-31166.06573,Drought,Drought,9,4,Fin_Year
1997,22.13740303,Bream,Tuggerah,Barrier Lagoon,6994.431142,26671.78641,Drought,No Drought,3,7,Oct-Feb
1998,31.02259429,Bream,Tuggerah,Barrier Lagoon,26191.71032,13982.8763,No Drought,No Drought,0,7,Oct-Feb
1999,21.68451717,Bream,Tuggerah,Barrier Lagoon,-2895.952436,-9433.266069,No Drought,No Drought,0,7,Oct-Feb
2000,28.22013683,Bream,Tuggerah,Barrier Lagoon,1038.556118,16376.23091,No Drought,No Drought,0,7,Oct-Feb
2001,22.14733084,Bream,Tuggerah,Barrier Lagoon,9851.253609,20147.15711,No Drought,No Drought,0,7,Oct-Feb
2002,73.86736652,Bream,Tuggerah,Barrier Lagoon,-6070.516682,20430.93821,Drought,Drought,8,7,Oct-Feb
2003,147.790459,Bream,Tuggerah,Barrier Lagoon,22365.00603,26820.52703,Drought,No Drought,3,7,Oct-Feb
2004,61.01855534,Bream,Tuggerah,Barrier Lagoon,1954.125245,11537.6926,Drought,No Drought,4,7,Oct-Feb
2005,61.63338074,Bream,Tuggerah,Barrier Lagoon,-8657.916321,-1856.043014,Drought,No Drought,5,7,Oct-Feb
2006,134.2542913,Bream,Tuggerah,Barrier Lagoon,15180.89584,23652.22453,Drought,Drought,9,7,Oct-Feb
1997,84.01403206,Flathead,Tuggerah,Barrier Lagoon,17274.56542,19209.27384,Drought,No Drought,3,3,Dec-Mar
1998,94.59213651,Flathead,Tuggerah,Barrier Lagoon,-1808.375714,31141.31891,No Drought,No Drought,0,3,Dec-Mar
1999,130.1395575,Flathead,Tuggerah,Barrier Lagoon,20465.72848,25060.46819,No Drought,No Drought,0,3,Dec-Mar
2000,90.36044523,Flathead,Tuggerah,Barrier Lagoon,15965.12465,26889.17702,No Drought,No Drought,0,3,Dec-Mar
2001,67.01079236,Flathead,Tuggerah,Barrier Lagoon,-2850.97731,22407.20568,No Drought,No Drought,0,3,Dec-Mar
2002,77.01349214,Flathead,Tuggerah,Barrier Lagoon,20067.87692,27245.90932,Drought,Drought,8,3,Dec-Mar
2003,58.45880342,Flathead,Tuggerah,Barrier Lagoon,12671.40691,7379.564859,Drought,No Drought,3,3,Dec-Mar
2004,63.34599834,Flathead,Tuggerah,Barrier Lagoon,4816.294658,7560.227505,Drought,No Drought,4,3,Dec-Mar
2005,65.53941239,Flathead,Tuggerah,Barrier Lagoon,21414.12938,-639.7303836,Drought,No Drought,5,3,Dec-Mar
2006,76.09107294,Flathead,Tuggerah,Barrier Lagoon,14191.51311,29025.61005,Drought,Drought,9,3,Dec-Mar
1997,40.77729601,Luderick,Tuggerah,Barrier Lagoon,3664.300953,9208.086384,Drought,No Drought,3,4,Dec-Feb
1998,68.67990747,Luderick,Tuggerah,Barrier Lagoon,16155.54485,22376.27699,No Drought,No Drought,0,4,Dec-Feb
1999,133.9242792,Luderick,Tuggerah,Barrier Lagoon,-1362.118862,23679.75872,No Drought,No Drought,0,4,Dec-Feb
2000,124.7305645,Luderick,Tuggerah,Barrier Lagoon,16239.06283,21225.86467,No Drought,No Drought,0,4,Dec-Feb
2001,115.0015909,Luderick,Tuggerah,Barrier Lagoon,4820.403249,14697.97684,No Drought,No Drought,0,4,Dec-Feb
2002,147.9981071,Luderick,Tuggerah,Barrier Lagoon,-289.9587005,14856.04909,Drought,Drought,8,4,Dec-Feb
2003,118.5520093,Luderick,Tuggerah,Barrier Lagoon,14306.18299,20864.41665,Drought,No Drought,3,4,Dec-Feb
2004,113.1565108,Luderick,Tuggerah,Barrier Lagoon,10421.34162,7617.155103,Drought,No Drought,4,4,Dec-Feb
2005,102.8166734,Luderick,Tuggerah,Barrier Lagoon,5025.393431,7180.867814,Drought,No Drought,5,4,Dec-Feb
2006,117.258215,Luderick,Tuggerah,Barrier Lagoon,17268.57628,-3036.777652,Drought,Drought,9,4,Dec-Feb
1997,4.485666315,Whiting,Tuggerah,Barrier Lagoon,3138.514353,7869.232651,Drought,No Drought,3,5,Dec-Feb
1998,3.709142851,Whiting,Tuggerah,Barrier Lagoon,3664.300953,9208.086384,No Drought,No Drought,0,5,Dec-Feb
1999,7.982537735,Whiting,Tuggerah,Barrier Lagoon,16155.54485,22376.27699,No Drought,No Drought,0,5,Dec-Feb
2000,2.880926977,Whiting,Tuggerah,Barrier Lagoon,-1362.118862,23679.75872,No Drought,No Drought,0,5,Dec-Feb
2001,6.876564439,Whiting,Tuggerah,Barrier Lagoon,16239.06283,21225.86467,No Drought,No Drought,0,5,Dec-Feb
2002,10.73532281,Whiting,Tuggerah,Barrier Lagoon,4820.403249,14697.97684,Drought,Drought,8,5,Dec-Feb
2003,15.38162259,Whiting,Tuggerah,Barrier Lagoon,-289.9587005,14856.04909,Drought,No Drought,3,5,Dec-Feb
2004,15.89522787,Whiting,Tuggerah,Barrier Lagoon,14306.18299,20864.41665,Drought,No Drought,4,5,Dec-Feb
2005,3.575550487,Whiting,Tuggerah,Barrier Lagoon,10421.34162,7617.155103,Drought,No Drought,5,5,Dec-Feb
2006,4.851773998,Whiting,Tuggerah,Barrier Lagoon,5025.393431,7180.867814,Drought,Drought,9,5,Dec-Feb
1997,246.7654619,Mullet,Tuggerah,Barrier Lagoon,-12327.14552,-9515.722267,Drought,No Drought,3,2,Apr-Jul
1998,322.770441,Mullet,Tuggerah,Barrier Lagoon,-10784.86312,-25571.11814,No Drought,No Drought,0,2,Apr-Jul
1999,242.0361152,Mullet,Tuggerah,Barrier Lagoon,-12639.64972,-4251.804756,No Drought,No Drought,0,2,Apr-Jul
2000,231.9364854,Mullet,Tuggerah,Barrier Lagoon,-7853.243904,-3863.198597,No Drought,No Drought,0,2,Apr-Jul
2001,401.678924,Mullet,Tuggerah,Barrier Lagoon,-9830.918666,794.6655866,No Drought,No Drought,0,2,Apr-Jul
2002,424.7950615,Mullet,Tuggerah,Barrier Lagoon,-4952.155214,15352.37078,Drought,Drought,8,2,Apr-Jul
2003,300.0136261,Mullet,Tuggerah,Barrier Lagoon,-12151.93183,-10737.17121,Drought,No Drought,3,2,Apr-Jul
2004,427.3630638,Mullet,Tuggerah,Barrier Lagoon,-31708.48874,-31166.06573,Drought,No Drought,4,2,Apr-Jul
2005,448.4964407,Mullet,Tuggerah,Barrier Lagoon,-2087.846518,-5208.847786,Drought,No Drought,5,2,Apr-Jul
2006,283.5799802,Mullet,Tuggerah,Barrier Lagoon,-2238.987746,4108.736099,Drought,Drought,9,2,Apr-Jul
1997,398.1798593,Total,Tuggerah,Barrier Lagoon,-6586.270586,8795.453833,Drought,No Drought,3,4,Fin_Year
1998,520.7742222,Total,Tuggerah,Barrier Lagoon,-19005.01254,-15632.76906,No Drought,No Drought,0,4,Fin_Year
1999,535.7670068,Total,Tuggerah,Barrier Lagoon,-12327.14552,-9515.722267,No Drought,No Drought,0,4,Fin_Year
2000,478.1285589,Total,Tuggerah,Barrier Lagoon,-10784.86312,-25571.11814,No Drought,No Drought,0,4,Fin_Year
2001,612.7152025,Total,Tuggerah,Barrier Lagoon,-12639.64972,-4251.804756,No Drought,No Drought,0,4,Fin_Year
2002,734.4093501,Total,Tuggerah,Barrier Lagoon,-7853.243904,-3863.198597,Drought,Drought,8,4,Fin_Year
2003,640.1965204,Total,Tuggerah,Barrier Lagoon,-9830.918666,794.6655866,Drought,No Drought,3,4,Fin_Year
2004,680.7793561,Total,Tuggerah,Barrier Lagoon,-4952.155214,15352.37078,Drought,No Drought,4,4,Fin_Year
2005,682.0614577,Total,Tuggerah,Barrier Lagoon,-12151.93183,-10737.17121,Drought,No Drought,5,4,Fin_Year
2006,616.0353334,Total,Tuggerah,Barrier Lagoon,-31708.48874,-31166.06573,Drought,Drought,9,4,Fin_Year
1997,16.79456391,Bream,Wallis Lake,Barrier Lagoon,6994.431142,26671.78641,Drought,No Drought,3,7,Oct-Feb
1998,17.26236099,Bream,Wallis Lake,Barrier Lagoon,26191.71032,13982.8763,No Drought,No Drought,0,7,Oct-Feb
1999,16.26508677,Bream,Wallis Lake,Barrier Lagoon,-2895.952436,-9433.266069,No Drought,No Drought,0,7,Oct-Feb
2000,21.9107373,Bream,Wallis Lake,Barrier Lagoon,1038.556118,16376.23091,No Drought,No Drought,0,7,Oct-Feb
2001,26.75942361,Bream,Wallis Lake,Barrier Lagoon,9851.253609,20147.15711,No Drought,No Drought,0,7,Oct-Feb
2002,32.35215677,Bream,Wallis Lake,Barrier Lagoon,-6070.516682,20430.93821,Drought,Drought,8,7,Oct-Feb
2003,19.28856032,Bream,Wallis Lake,Barrier Lagoon,22365.00603,26820.52703,Drought,No Drought,3,7,Oct-Feb
2004,36.24154532,Bream,Wallis Lake,Barrier Lagoon,1954.125245,11537.6926,Drought,No Drought,4,7,Oct-Feb
2005,29.39987972,Bream,Wallis Lake,Barrier Lagoon,-8657.916321,-1856.043014,Drought,No Drought,6,7,Oct-Feb
2006,54.16673972,Bream,Wallis Lake,Barrier Lagoon,15180.89584,23652.22453,Drought,Drought,8,7,Oct-Feb
1997,55.790024,Flathead,Wallis Lake,Barrier Lagoon,17274.56542,19209.27384,Drought,No Drought,3,3,Dec-Mar
1998,82.82088563,Flathead,Wallis Lake,Barrier Lagoon,-1808.375714,31141.31891,No Drought,No Drought,0,3,Dec-Mar
1999,97.3812672,Flathead,Wallis Lake,Barrier Lagoon,20465.72848,25060.46819,No Drought,No Drought,0,3,Dec-Mar
2000,84.09398327,Flathead,Wallis Lake,Barrier Lagoon,15965.12465,26889.17702,No Drought,No Drought,0,3,Dec-Mar
2001,69.5835074,Flathead,Wallis Lake,Barrier Lagoon,-2850.97731,22407.20568,No Drought,No Drought,0,3,Dec-Mar
2002,72.94709921,Flathead,Wallis Lake,Barrier Lagoon,20067.87692,27245.90932,Drought,Drought,8,3,Dec-Mar
2003,73.54438771,Flathead,Wallis Lake,Barrier Lagoon,12671.40691,7379.564859,Drought,No Drought,3,3,Dec-Mar
2004,72.88307764,Flathead,Wallis Lake,Barrier Lagoon,4816.294658,7560.227505,Drought,No Drought,4,3,Dec-Mar
2005,102.5108048,Flathead,Wallis Lake,Barrier Lagoon,21414.12938,-639.7303836,Drought,No Drought,6,3,Dec-Mar
2006,96.47602387,Flathead,Wallis Lake,Barrier Lagoon,14191.51311,29025.61005,Drought,Drought,8,3,Dec-Mar
1997,42.31106269,Luderick,Wallis Lake,Barrier Lagoon,3664.300953,9208.086384,Drought,No Drought,3,4,Dec-Feb
1998,58.79608473,Luderick,Wallis Lake,Barrier Lagoon,16155.54485,22376.27699,No Drought,No Drought,0,4,Dec-Feb
1999,57.67450672,Luderick,Wallis Lake,Barrier Lagoon,-1362.118862,23679.75872,No Drought,No Drought,0,4,Dec-Feb
2000,57.68088621,Luderick,Wallis Lake,Barrier Lagoon,16239.06283,21225.86467,No Drought,No Drought,0,4,Dec-Feb
2001,84.39374499,Luderick,Wallis Lake,Barrier Lagoon,4820.403249,14697.97684,No Drought,No Drought,0,4,Dec-Feb
2002,91.4189247,Luderick,Wallis Lake,Barrier Lagoon,-289.9587005,14856.04909,Drought,Drought,8,4,Dec-Feb
2003,79.34448023,Luderick,Wallis Lake,Barrier Lagoon,14306.18299,20864.41665,Drought,No Drought,3,4,Dec-Feb
2004,86.95208928,Luderick,Wallis Lake,Barrier Lagoon,10421.34162,7617.155103,Drought,No Drought,4,4,Dec-Feb
2005,106.9798652,Luderick,Wallis Lake,Barrier Lagoon,5025.393431,7180.867814,Drought,No Drought,6,4,Dec-Feb
2006,125.3735637,Luderick,Wallis Lake,Barrier Lagoon,17268.57628,-3036.777652,Drought,Drought,8,4,Dec-Feb
1997,12.3405101,Whiting,Wallis Lake,Barrier Lagoon,3138.514353,7869.232651,Drought,No Drought,3,5,Dec-Feb
1998,12.45338789,Whiting,Wallis Lake,Barrier Lagoon,3664.300953,9208.086384,No Drought,No Drought,0,5,Dec-Feb
1999,9.943880866,Whiting,Wallis Lake,Barrier Lagoon,16155.54485,22376.27699,No Drought,No Drought,0,5,Dec-Feb
2000,12.43221259,Whiting,Wallis Lake,Barrier Lagoon,-1362.118862,23679.75872,No Drought,No Drought,0,5,Dec-Feb
2001,9.512756473,Whiting,Wallis Lake,Barrier Lagoon,16239.06283,21225.86467,No Drought,No Drought,0,5,Dec-Feb
2002,16.1285709,Whiting,Wallis Lake,Barrier Lagoon,4820.403249,14697.97684,Drought,Drought,8,5,Dec-Feb
2003,17.19368947,Whiting,Wallis Lake,Barrier Lagoon,-289.9587005,14856.04909,Drought,No Drought,3,5,Dec-Feb
2004,23.66925799,Whiting,Wallis Lake,Barrier Lagoon,14306.18299,20864.41665,Drought,No Drought,4,5,Dec-Feb
2005,12.16295893,Whiting,Wallis Lake,Barrier Lagoon,10421.34162,7617.155103,Drought,No Drought,6,5,Dec-Feb
2006,21.15672179,Whiting,Wallis Lake,Barrier Lagoon,5025.393431,7180.867814,Drought,Drought,8,5,Dec-Feb
1997,217.2537591,Mullet,Wallis Lake,Barrier Lagoon,-12327.14552,-9515.722267,Drought,No Drought,3,2,Apr-Jul
1998,191.631827,Mullet,Wallis Lake,Barrier Lagoon,-10784.86312,-25571.11814,No Drought,No Drought,0,2,Apr-Jul
1999,193.8869338,Mullet,Wallis Lake,Barrier Lagoon,-12639.64972,-4251.804756,No Drought,No Drought,0,2,Apr-Jul
2000,203.460398,Mullet,Wallis Lake,Barrier Lagoon,-7853.243904,-3863.198597,No Drought,No Drought,0,2,Apr-Jul
2001,284.3818102,Mullet,Wallis Lake,Barrier Lagoon,-9830.918666,794.6655866,No Drought,No Drought,0,2,Apr-Jul
2002,261.9088393,Mullet,Wallis Lake,Barrier Lagoon,-4952.155214,15352.37078,Drought,Drought,8,2,Apr-Jul
2003,299.8145745,Mullet,Wallis Lake,Barrier Lagoon,-12151.93183,-10737.17121,Drought,No Drought,3,2,Apr-Jul
2004,528.0796676,Mullet,Wallis Lake,Barrier Lagoon,-31708.48874,-31166.06573,Drought,No Drought,4,2,Apr-Jul
2005,265.7707024,Mullet,Wallis Lake,Barrier Lagoon,-2087.846518,-5208.847786,Drought,No Drought,6,2,Apr-Jul
2006,277.9622219,Mullet,Wallis Lake,Barrier Lagoon,-2238.987746,4108.736099,Drought,Drought,8,2,Apr-Jul
1997,344.4899198,Total,Wallis Lake,Barrier Lagoon,-6586.270586,8795.453833,Drought,No Drought,3,4,Fin_Year
1998,362.9645462,Total,Wallis Lake,Barrier Lagoon,-19005.01254,-15632.76906,No Drought,No Drought,0,4,Fin_Year
1999,375.1516754,Total,Wallis Lake,Barrier Lagoon,-12327.14552,-9515.722267,No Drought,No Drought,0,4,Fin_Year
2000,379.5782174,Total,Wallis Lake,Barrier Lagoon,-10784.86312,-25571.11814,No Drought,No Drought,0,4,Fin_Year
2001,474.6312427,Total,Wallis Lake,Barrier Lagoon,-12639.64972,-4251.804756,No Drought,No Drought,0,4,Fin_Year
2002,474.7555909,Total,Wallis Lake,Barrier Lagoon,-7853.243904,-3863.198597,Drought,Drought,8,4,Fin_Year
2003,489.1856922,Total,Wallis Lake,Barrier Lagoon,-9830.918666,794.6655866,Drought,No Drought,3,4,Fin_Year
2004,747.8256378,Total,Wallis Lake,Barrier Lagoon,-4952.155214,15352.37078,Drought,No Drought,4,4,Fin_Year
2005,516.8242111,Total,Wallis Lake,Barrier Lagoon,-12151.93183,-10737.17121,Drought,No Drought,6,4,Fin_Year
2006,575.135271,Total,Wallis Lake,Barrier Lagoon,-31708.48874,-31166.06573,Drought,Drought,8,4,Fin_Year
